feature,eigenvalue
rmsd_ca,0.24870400257589065
end_to_end,0.10103878471581344
protein_lipid_sep,0.14175496626952486
rg_ca,0.23415287954081743
lipid_plane_dist,0.3704329638268816
contacts,0.08716616418405179
phi_avg,0.31474528132999746
psi_avg,0.1858582761837739
helix_fraction,0.12409385222003766
phi12,0.03911452201684179
